breadcrumb_id,type,what_is_hinted,introduced_in_SID,reinforced_in_SIDs,payoff_milestone_id,visibility_level,status,notes,payoff_dependency,payoff_function,payoff_locator
BC-MACRO-MOBIUS-SKY,mobius,Silence and Hope as distance and incomplete communication above the world; wider perception is not control,S1.T1.B01.PR.E00,S1.T1.B02.A3.E41,M53,subtle,placed,"Macro-Möbius (decisions/LT_ACCESS_AND_B09_EPILOGUE_AUTHOR_RULING_2026-09-26.md, scene and Möbius RULED; which elements mirror is not ruled). B02 E41 echoes the prologue register (OQA A8, approved design). Design card: proposals/MACRO_MOBIUS_PROLOGUE_EPILOGUE_DESIGN_2026-09-27.md [APPROVED DESIGN 2026-09-27, macro-Möbius Q1] The five mirror axes, the execution standard and the guardrails. Loom locators added 2026-09-27 are provisional (proposals/B07-B09 *_EPISODE_ARCHITECTURE_PASS3_2026-09-27.md).",LOCKED,Night sky at the saga close: Lacuna and Kade look up; the stars read as talking; an LT prompt reaches Kade and is left open,B09 EP (E48)
BC-TAHL-SIGNATURE-TRIANGLE,plant,A small triangle mark attached to the anonymous MT voice,S1.T1.B02.A1.E07,S1.T1.B02.A2.E29; S1.T1.B03.A3.E31; S1.T1.B03.EP.E48; S1.T2.B04.A3.E33; S1.T2.B04.A3.E42; S1.T2.B04.A3.E43; S1.T2.B05.A1.E07; S1.T2.B06.A3.E39,M53,subtle,placed,"[APPROVED DESIGN 2026-09-27, decisions/NINE_BOOK_AUDIT_AUTHOR_ANSWERS_2026-09-27.md Q-NB4 (V1)] The Veil half is placed: every post by the anonymous MT voice carries the mark, unremarked. Locators are the episodes the supplements follow: B02 S01 (after E07), B02 S03 (after E29), B03 S03 (after E31); then Tahl's B03 E48 post, after he is named at E47, where the reader first joins mark and man. B04 E33 was the introduction before this; B04 E42's message to Rex carries it too. No character traces it; it assigns no blame for the Warehouse. Applied at Veil EBCI (proposals/NINE_BOOK_AUDIT_AMENDMENTS_2026-09-27.md). Was UNPLACED; the Neon half is planted provisionally 2026-09-27 (Neon reconciliation N10): MT's Riot route post carries the mark and Kade reads it. The locked 2025-11-29 design makes the triangle Tahl's MT signature (recovery/B09_EPILOGUE_KADE_LACUNA_SOURCE_RECOVERY_2026-09-26.md); M53 rules the triangle implied. No Veil or Neon MT post carries it yet. Candidate for the nine-book audit: a Veil supplement or a Neon MT post. Not added to Veil here The Veil half (a mark from B02) waits for the nine-book audit (macro-Möbius card Q2). [APPROVED DESIGN 2026-09-27, macro-Möbius Q2 (c)] Planted twice: a mark on the anonymous MT voice from B02 (the Veil half, placed at the nine-book audit) and the Neon familiarity (N10). Loom locators added 2026-09-27 are provisional (proposals/B07-B09 *_EPISODE_ARCHITECTURE_PASS3_2026-09-27.md).",LOCKED,"The LT prompt shows only Tahl's triangle; Kade recognises whose conduit it is (triangle implied, not an appearance)",B09 EP (E48)
BC-SILENCE-HOPE-OBSERVE,ladder,Silence and Hope perceive strain and do not act,S1.T1.B01.PR.E00,S1.T1.B02.A3.E41; S1.T1.B03.EP.E47; S1.T3.B07.A1.E03; S1.T3.B09.A2.E22; S1.T3.B09.A3.E31; S1.T3.B09.A3.E39,M21,subtle,placed,M21 RULED; M33 RULED. Hope's early acts toward Tahl are involuntary (RULED 09-26). B02 E41 and B03 E47 are the other side of the brushes only Neon locators added 2026-09-27 are provisional (proposals/B04-B06 *_EPISODE_ARCHITECTURE_PASS3_2026-09-27.md). Loom locators added 2026-09-27 are provisional (proposals/B07-B09 *_EPISODE_ARCHITECTURE_PASS3_2026-09-27.md).,LOCKED,Silence collects Tahl's echo: its first agency; later both give themselves to the Loom (M33),B06 A3 (E45)
BC-VT-BRUSH-LADDER,ladder,Tahl brushes the VeilThread without knowing what it is,S1.T1.B02.A3.E41,S1.T1.B03.EP.E47; S1.T2.B05.A3.E34; S1.T3.B07.A3.E38,M20,subtle,placed,OQA A11 RULED: B02 brush (unnoticed by him) -> B03 brush (noticed) -> B06 fatal slip -> B09 echo. Fair concealment in B02 (brief L41) Neon locators added 2026-09-27 are provisional (proposals/B04-B06 *_EPISODE_ARCHITECTURE_PASS3_2026-09-27.md). Loom locators added 2026-09-27 are provisional (proposals/B07-B09 *_EPISODE_ARCHITECTURE_PASS3_2026-09-27.md).,LOCKED,Late fatal VT slip at the Santa Fe rupture; Silence keeps the echo; its one identifiable flare in B09 (M52),B06 A3 (E42)
BC-HONEY-ISLAND-SITE,seed,The swamp-edge site where the saga opens,S1.T1.B01.A1.E01,S1.T3.B07.A3.E45; S1.T3.B08.A3.E37; S1.T3.B09.A2.E30,M33,hidden,placed,VTA Q8 approved design (O1: a Möbius seed of the Mending site only; nobody in Veil knows it). Honey Island is not a Veil destination (protected) Loom locators added 2026-09-27 are provisional (proposals/B07-B09 *_EPISODE_ARCHITECTURE_PASS3_2026-09-27.md).,LOCKED,The Mending site; repaired last; the factions learn it only in B09 A3 (M51),B09 A3 (E32)
BC-SWAMP-WOUND,seed,An unexplained wound in the swamp that makes waiting feel too late,S1.T1.B01.A2.E29,S1.T3.B07.A1.E08,M39,subtle,placed,"VTA Q6 approved design: keep ""swamp wound"" as an unexplained Tear seed; reword ""conceptual wound"" at EBCI. M39 RULED; the recognition is approved design (TAHL_DEATH_SPECIFICS Q6). Chain ruled (LOOM_CHAIN_KNOWLEDGE ruling) Neon locators added 2026-09-27 are provisional (proposals/B04-B06 *_EPISODE_ARCHITECTURE_PASS3_2026-09-27.md). Loom locators added 2026-09-27 are provisional (proposals/B07-B09 *_EPISODE_ARCHITECTURE_PASS3_2026-09-27.md).",LOCKED,"Seraphine recognises Tahl's ""the first one has to be last"" as the swamp: the original Tear, closed last",B06 EP (E47)
BC-MIRA-SEED,seed,A wordless presence at the empty block that only Seraphine perceives,S1.T1.B02.A3.E35,,M49,subtle,placed,Seed approved design (ADV Q1; OQA A2: one wordless B02 presence). Carries nothing about the cap or the guides. No Mira in B03. Neon appearance schedule OPEN Loom locators added 2026-09-27 are provisional (proposals/B07-B09 *_EPISODE_ARCHITECTURE_PASS3_2026-09-27.md).,LOCKED,Mira guides Seraphine past recreating the hard cap; her echo is released at the Mending (M33),B07 A1 (E13)
BC-LUCIEN-LISTENING,seed,"Lucien listens badly, then a little better",S1.T1.B02.A2.E21,S1.T1.B03.A2.E18; S1.T3.B07.A2.E22; S1.T3.B09.A2.E25,M33,subtle,placed,"Guide role RULED (M33). ""To Listen"" is from the locked recovered source (recovery/HARD_CAP_BREATHING_VEIL_SOURCE_RECOVERY_2026-09-26.md). Seed approved design (B02 pass 5) Loom locators added 2026-09-27 are provisional (proposals/B07-B09 *_EPISODE_ARCHITECTURE_PASS3_2026-09-27.md).",LOCKED,Lucien's final test is to listen; he becomes a guide at the Mending,B09 A3 (E42)
BC-BOUNDED-RESPONSIBILITY,ladder,Seraphine learns a finite circle; she cannot carry everyone,S1.T1.B01.A2.E29,S1.T1.B01.A2.E33; S1.T1.B01.A3.E45; S1.T1.B01.A3.E48; S1.T1.B02.A2.E19; S1.T1.B02.A2.E25; S1.T1.B02.A2.E28; S1.T1.B03.A1.E12; S1.T2.B06.A3.E38; S1.T3.B07.A3.E34,M33,subtle,placed,"M03 notes: Foreshadows M33. M49 and M33 RULED; 42A ruled. The Loom-era relapse must stay intelligible (brief L36) Neon locators added 2026-09-27 are provisional (proposals/B04-B06 *_EPISODE_ARCHITECTURE_PASS3_2026-09-27.md). Loom locators added 2026-09-27 are provisional (proposals/B07-B09 *_EPISODE_ARCHITECTURE_PASS3_2026-09-27.md). [ADDED 2026-09-27, B01 EBCI pilot (ledger 210)] B01 E33 and E45 added as reinforcements: the overreach rung (too many individuals), per the approved overlays (A2 and A3 seraphine vectors) and the causal cards' Seraphine ladder. CHK_PACKET_LINKS found the gap on the E33 pilot packet.",LOCKED,At the Mending the belief that the cost is hers alone breaks; the veil is held jointly (Mechanica 42A),B09 A3 (E45)
BC-LACUNA-CAMEO,seed,"A local artist in the room, with zero portent",S1.T1.B01.A2.E31,S1.T2.B04.A3.E43; S1.T2.B05.A3.E36; S1.T2.B06.A1.E12,M40,hidden,placed,Cameos only before B07 (RULED 09-26). VTA T8: E31 is a cameo. Neon cameo permission stands Neon locators added 2026-09-27 are provisional (proposals/B04-B06 *_EPISODE_ARCHITECTURE_PASS3_2026-09-27.md). Loom locators added 2026-09-27 are provisional (proposals/B07-B09 *_EPISODE_ARCHITECTURE_PASS3_2026-09-27.md).,LOCKED,Lacuna prominent at Tahl's funeral; she inspires Kade to post,B07 A1 (E02)
BC-SOUTHWEST-LADDER,ladder,"A directional lean southwest, graduated: faint bias, explicit direction, a named problem not a visit",S1.T1.B01.A1.E04,S1.T1.B01.A1.E11; S1.T1.B02.A3.E38; S1.T1.B02.A3.E40; S1.T1.B02.A3.E42; S1.T1.B03.A1.E01; S1.T1.B03.A1.E03; S1.T1.B03.A2.E23; S1.T1.B03.EP.E48; S1.T2.B05.A2.E28; S1.T2.B05.A3.E42; S1.T2.B05.A3.E44,M20,legible,placed,"v4.1b §13 ladder: do not collapse the three stages. B02 S04 and B03 S01 are supplements. GAP: v4.1b L1796 expects an explicit B03 line (""everything curves southwest""); not placed in B03 passes. M20 RULED; M38 proposed Neon locators added 2026-09-27 are provisional (proposals/B04-B06 *_EPISODE_ARCHITECTURE_PASS3_2026-09-27.md).",LOCKED,Santa Fe escalates (M38) and Tahl dies at its rupture,B06 A3
BC-ANONYMOUS-MT-VOICE,ladder,An anonymous public voice that publishes only what evidence supports,S1.T1.B02.A1.E07,S1.T1.B03.A1.E05; S1.T1.B03.A3.E31; S1.T1.B03.EP.E46; S1.T2.B04.A1.E03,M12,overt,placed,"B02 S01 follows E07; B03 S01-S03 supplements (S03 after E31, M11). M11, M12, M37 RULED. A10 RULED: no Tahl POV before the B03 epilogue. No MT in B01 Neon locators added 2026-09-27 are provisional (proposals/B04-B06 *_EPISODE_ARCHITECTURE_PASS3_2026-09-27.md).",LOCKED,The voice is named Tahl Morgan for the reader; he learns the dead man's name (M37) and why he mattered,B03 EP
BC-TAHL-OWN-RULE,plant,Tahl's private rule: never again the coordinates of a live event,S1.T1.B03.EP.E48,S1.T2.B04.A1.E13; S1.T2.B04.A2.E30; S1.T2.B04.A3.E33; S1.T2.B05.A2.E22,M20,overt,placed,Plant approved design (B03 pass 5 follow-ups). Payoff approved design (TAHL_DEATH_SPECIFICS Q1); M20 RULED as to death. Polyvalent: the rule may also be tested before B06 Neon locators added 2026-09-27 are provisional (proposals/B04-B06 *_EPISODE_ARCHITECTURE_PASS3_2026-09-27.md).,SOFT,"He will not send others where he will not go himself: he goes to Santa Fe in person, against the warning (the Warehouse mirror)",B06 A2 (E18)
BC-DOMINION-LADDER,ladder,Lucien's obedience to the Dominion erodes rung by rung,S1.T1.B01.A1.E17,S1.T1.B02.A1.E08; S1.T1.B02.A2.E26; S1.T1.B02.A3.E47; S1.T1.B03.A1.E09; S1.T1.B03.A2.E16; S1.T1.B03.A3.E44,M05,legible,placed,M05 RULED. Ladder approved design (SAGA_RECOMMENDATIONS B2). B03 E44: the favour asked of Helena is the opening Neon locators added 2026-09-27 are provisional (proposals/B04-B06 *_EPISODE_ARCHITECTURE_PASS3_2026-09-27.md).,LOCKED,Lucien rejects the Dominion's B04 demand and goes to Vienna of his own accord,"B04 A2 (E16, E19)"
BC-ASKED-HIM-HERE,plant,Lucien asked Baz to come to New Orleans,S1.T1.B01.A1.E17,S1.T1.B03.A2.E17,M05,subtle,placed,"v4.1b: long payoff, no death foreshadowing. M05 RULED covers his grief; the guilt beat itself is design. Anti-plant: no ominous framing Neon locators added 2026-09-27 are provisional (proposals/B04-B06 *_EPISODE_ARCHITECTURE_PASS3_2026-09-27.md).",SOFT,"Lucien's grief-guilt when the death is confirmed: ""I asked him to come here""",B04 A1 (E08)
BC-COULD-NOT-SAVE,plant,Seraphine keeps her finite circle while the man she knew dies elsewhere,S1.T1.B02.A1.E09,S1.T1.B03.A1.E12; S1.T1.B03.A1.E13; S1.T1.B03.A3.E35,,subtle,placed,"Plant approved design (VAR 6, 7; B03 E13 the ordinary anchor). The B04 placement is provisional Neon architecture. Guardrail: the narration does not endorse blame Neon locators added 2026-09-27 are provisional (proposals/B04-B06 *_EPISODE_ARCHITECTURE_PASS3_2026-09-27.md). [CORRECTED 2026-09-27, reports/NINE_BOOK_BREADCRUMB_MOBIUS_PROMISE_PAYOFF_AUDIT_2026-09-27.md H1] introduced_in_SID was S1.T1.B03.A1.E13, later than its B02 E09 reinforcement; now B02 E09 (the finite circle begins), with B03 E13 (the ordinary anchor) among the reinforcements.",PROVISIONAL,"Seraphine's B04 grief: the person she could not save, disputed by her guilt and not endorsed by the narration",B04 A1 (E09)
BC-WAREHOUSE-RECORD,plant,The official account misdescribes the dead first responder,S1.T1.B03.A3.E42,S1.T1.B03.A3.E44; S1.T1.B03.EP.E46; S1.T2.B04.A1.E01; S1.T2.B04.A1.E07; S1.T2.B04.A2.E23,M37,overt,placed,S04 follows E42. M37 RULED (name from a news report in B04). OQA A7 approved design (misdescribed). Rieux's sealed log (B03 pass 5) Neon locators added 2026-09-27 are provisional (proposals/B04-B06 *_EPISODE_ARCHITECTURE_PASS3_2026-09-27.md).,LOCKED,B04 opens with the recovery and confirmation; Tahl learns the name from a news report; institutions fight over the record,B04 A1 (E03)
BC-TECHNARC-KIT,ladder,"Technarc's instruments, first as a polite request, then unmarked readers, then recognised",S1.T1.B02.A1.E13,S1.T1.B03.A2.E21; S1.T1.B03.A3.E33; S1.T1.B03.A3.E42,M13,legible,placed,M13 proposed (names RULED). B01 E23 stays ambient (VTA T5) Neon locators added 2026-09-27 are provisional (proposals/B04-B06 *_EPISODE_ARCHITECTURE_PASS3_2026-09-27.md).,SOFT,Exposed Technarc presence feeds Protocol 9 under Han Wei,B04 A2 (E17)
BC-CARO-OVERCARRY,ladder,"Caro keeps every case herself and recognises she cannot carry everyone, without handing off",S1.T1.B02.A2.E20,S1.T1.B03.A2.E22; S1.T2.B05.A1.E03,M54,subtle,placed,"M54 proposed; placement approved design. Veil must not spend it (brief L38) Neon locators added 2026-09-27 are provisional (proposals/B04-B06 *_EPISODE_ARCHITECTURE_PASS3_2026-09-27.md). [NOTE 2026-09-27, proposals/NEON_PASS4_SURGICAL_2026-09-27.md] B05 E03 is Seraphine-led after Neon pass 4: this reinforcement is now Caro's over-carry seen from outside.",SOFT,Caro's first consequential handoff in Chicago; Hope first connects with her,B05 A2 (E26)
BC-KNOWN-INFERRED-UNKNOWN,ladder,"Elisabet separates what is known, inferred and unknown",S1.T1.B02.A1.E05,S1.T1.B03.A2.E23; S1.T1.B03.A3.E44; S1.T2.B04.A2.E25; S1.T2.B05.A3.E38,M55,legible,placed,M55 proposed; B06 A1 approved design. Also her Mending witness role (M33) Neon locators added 2026-09-27 are provisional (proposals/B04-B06 *_EPISODE_ARCHITECTURE_PASS3_2026-09-27.md).,SOFT,"Elisabet's bounded protective warning before certainty, which Tahl overrides",B06 A1 (E09)
BC-CARO-ELISABET-LADDER,ladder,Reciprocal grounding between Caro and Elisabet,S1.T1.B01.A2.E30,S1.T1.B02.A2.E30; S1.T1.B02.A3.E36; S1.T1.B03.A1.E06; S1.T1.B03.A2.E24; S1.T2.B04.A1.E14,M56,legible,placed,"SAGA_STRUCTURE Q3 approved design (first kiss B03, openly together B04, commitment B05). M07 reading RULED. Farewell at the Mending ruled (M33) Neon locators added 2026-09-27 are provisional (proposals/B04-B06 *_EPISODE_ARCHITECTURE_PASS3_2026-09-27.md).",SOFT,Openly together in B04; commitment across distance and separate work in B05; Elisabet's goodbye at the Mending,B05 A2 (E23)
BC-REX-REPAIR-ETHIC,plant,A Detroit repairman who fixes a neighbour's heat first and loses the contract,S1.T1.B03.A1.E07,S1.T1.B03.A3.E43; S1.T2.B04.A1.E06,,overt,placed,"B03 E07 is a Detroit condition, not a repairman (VAR 5); E43 is the scene (OQA A1). Rex introduction B04 (direction); engagement after Lucien leaves (approved design) Neon locators added 2026-09-27 are provisional (proposals/B04-B06 *_EPISODE_ARCHITECTURE_PASS3_2026-09-27.md).",SOFT,Rex enters the cast in B04 in NOLA through a bounded safety decision with Seraphine,B04 A2 (E24)
BC-FILAMENT-ETHIC,ladder,Care practised without the promise of control,S1.T1.B01.A2.E35,S1.T1.B01.A3.E43; S1.T1.B02.A2.E19; S1.T1.B03.A1.E12; S1.T1.B03.A3.E40; S1.T2.B04.A2.E26; S1.T2.B04.A3.E39,M18,legible,placed,"M02 -> M18 (proposed). The crack becomes irreversible at B04 A3 (approved design). B02 E19: practised, not named (VTA T4) Neon locators added 2026-09-27 are provisional (proposals/B04-B06 *_EPISODE_ARCHITECTURE_PASS3_2026-09-27.md).",SOFT,Filament networks divide over how much risk and coercion care can justify,B05 A2 (E21)
BC-ARRIVE-TOGETHER,mobius,"Too late at the sick child: next time arrive sooner, move faster, carry more",S1.T1.B01.A1.E01,S1.T1.B01.A1.E02; S1.T1.B01.A2.E29,M03,overt,placed,Applied at B01 EBCI (amendments §4; VAR 2). M03 proposed,SOFT,"They arrive early by shared prediction, and Seraphine steadies one stranger at bodily cost: arrive together, and carry one",B01 A3
BC-JACKSON-SQUARE-RETURN,mobius,Jackson Square as shock,S1.T1.B01.A1.E08,S1.T1.B01.A1.E15; S1.T1.B01.A3.E47,,legible,placed,v4.1b Möbius Control item 4. Book-internal,SOFT,The Square returned to as chosen observation,B01 A3
BC-VELVET-VEIN-ROOM,mobius,An ordinary room that becomes the rumour room,S1.T1.B01.A1.E06,S1.T1.B01.A2.E31; S1.T1.B02.A1.E04; S1.T1.B02.A3.E39; S1.T1.B03.A1.E04; S1.T1.B03.A1.E10; S1.T1.B03.A3.E41; S1.T2.B05.A1.E05; S1.T3.B07.A1.E08; S1.T3.B07.A3.E41; S1.T3.B09.A2.E21; S1.T3.B09.EP.E47; S1.T3.B09.EP.E48,,legible,placed,"v4.1b Möbius Control item 6; continued through B02-B03 as approved design. Trip's Neon role: continuity anchor (card) [APPROVED DESIGN 2026-09-27, decisions/NINE_BOOK_AUDIT_AUTHOR_ANSWERS_2026-09-27.md Q-NB5] Extended past Veil (nested Möbius #5): the channel's room (B05 E05, B07 E08, E41), a party for a crew that is not there (B09 E21), the saga's last roof (B09 E47-E48). The B03 A3 continuity-room payoff stands; the later locators are provisional. [ADDED 2026-09-27, B01 EBCI pilot (ledger 210)] B01 E31 added: the night paid, the room's state in the approved A2 overlay.",SOFT,The continuity room: where the city keeps its board and its people,B03 A3
BC-REMOTE-SIMILAR,plant,An ambiguous remote item: was that similar?,S1.T1.B01.A1.E08,S1.T1.B01.A3.E39; S1.T1.B01.A3.E45,,subtle,placed,B01 S02 follows E08 (supplement; the locator is the preceding episode). Payoff B02 E06 (approved design). Global confirmation stays protected in B01,SOFT,Marrakesh: NOLA is not unique,B02 A1
BC-PULSE-NAMING,plant,The city has scattered words for what happens,S1.T1.B01.A1.E08,S1.T1.B01.A2.E36; S1.T1.B01.A3.E48,,subtle,placed,"B01 S02 public register, E36, E48 exit: vocabulary stays fragmented. VTA T1 approved design. B02 owns broader public pulse naming (v4.1b)",SOFT,The first pulse the whole city names,B02 A1
BC-SECOND-LINE-INVITE,plant,Baz is invited to a second line,S1.T1.B02.A2.E18,S1.T1.B03.A2.E17; S1.T2.B04.A1.E05; S1.T3.B07.A1.E01,,overt,placed,"B03 E26 payoff (approved design). Candidate nested Möbius with the B07 jazz funeral (M40): record for the nine-book audit, not added as a plant here [APPROVED DESIGN 2026-09-27, decisions/NINE_BOOK_AUDIT_AUTHOR_ANSWERS_2026-09-27.md Q-NB5] Adopted as nested Möbius #2: B04 E05 marks the line Baz never had; B07 E01, Tahl's second line, rhymes with it unspoken (no one says his name). Later locators provisional.",SOFT,"Baz dances the second line, badly, and belongs: ""next time""",B03 A2
BC-FORKLIFT-OPERATOR,plant,A night-shift worker who cannot afford to skip shifts agrees to a late unload,S1.T1.B03.A2.E19,S1.T1.B03.A2.E29,M08,legible,placed,"VAR 4 approved design. Crowd -> delay stays inference, never narrator-certified",SOFT,"The warning visibly helps: he declines the unload, and that bay collapses",B03 A3
BC-WAREHOUSE-PRECURSOR,ladder,"A building that comes and goes, a little larger each time",S1.T1.B03.A1.E13,S1.T1.B03.A2.E27; S1.T1.B03.A2.E28,M08,legible,placed,M08 proposed. Event model: B03 pass 3 §5. D5 holds causal physics,SOFT,The Warehouse event exceeds every model in the room,B03 A3
BC-CHORBA-AND-SISTER,callback,"A mundane future: Baz's mother's recipe, and his sister's visit next month",S1.T1.B03.A1.E08,S1.T1.B03.A3.E41; S1.T1.B03.A3.E44; S1.T2.B04.A1.E04; S1.T2.B04.A1.E05,,subtle,placed,Guardrail: no ominous framing (B03 pass 4). B04 carries the sister forward (provisional) Neon locators added 2026-09-27 are provisional (proposals/B04-B06 *_EPISODE_ARCHITECTURE_PASS3_2026-09-27.md).,SOFT,Trip cooks the chorba for the vigil; the sister's visit becomes the recovery,B03 A3
BC-PRIVATE-CHANNEL,plant,"A private channel with built-in redundancy, set up by the people Baz belonged to and the man who posted the coordinates",S1.T2.B05.A1.E06,S1.T2.B06.A1.E09; S1.T2.B06.A2.E19; S1.T2.B06.A3.E43; S1.T3.B07.A1.E08,M39,overt,provisional,"M39 RULED; the channel is approved design (TAHL_DEATH_SPECIFICS Q4; route clock F6). M55 also travels on it (G5) Provisional Neon plant (pass 3, 2026-09-27). Loom locators added 2026-09-27 are provisional (proposals/B07-B09 *_EPISODE_ARCHITECTURE_PASS3_2026-09-27.md).",LOCKED,Tahl's fragment reaches the group through it after his death,B06 EP (E47)
BC-TAHL-PARENTS,plant,Tahl has a home: parents in Chicago who do not know he is MT,S1.T2.B04.A2.E22,S1.T2.B05.A2.E19; S1.T2.B06.A3.E35,M40,legible,provisional,"M40 RULED (the funeral); the parents are approved design (OQA D9), so SOFT Provisional Neon plant (pass 3, 2026-09-27). Loom locators added 2026-09-27 are provisional (proposals/B07-B09 *_EPISODE_ARCHITECTURE_PASS3_2026-09-27.md).",SOFT,His parents consent to the NOLA jazz funeral and attend; a Chicago memorial is acknowledged,"B07 A1 (E01, E06)"
BC-KADE-MEETS-TAHL-UNKNOWING,plant,Kade asks a tired stranger at Trip's what he thinks of MT,S1.T2.B05.A1.E07,S1.T2.B06.A3.E44,M23,subtle,provisional,"Neon reconciliation N9. M23 proposed (placement approved design) Provisional Neon plant (pass 3, 2026-09-27). [NOTE 2026-09-27, proposals/NEON_PASS4_SURGICAL_2026-09-27.md 2.4] The architecture now agrees with this row: the recognition (the photograph) is at B06 E48, moved from E44.",SOFT,Kade recognises the dead man as the stranger; his grief post is read,B06 EP (E48)
BC-KADE-BEING-READ,ladder,Kade writes into MT and wants to be answered,S1.T2.B04.A1.E12,S1.T2.B05.A1.E14; S1.T2.B06.A2.E27; S1.T2.B06.EP.E48; S1.T3.B07.A1.E11; S1.T3.B07.A2.E16,M46,subtle,provisional,"[APPROVED DESIGN 2026-09-27, decisions/NINE_BOOK_AUDIT_AUTHOR_ANSWERS_2026-09-27.md Q-NB6] Records an existing ladder in the Neon and Loom architecture; adds no plant. A comment nobody answers (B04 E12) -> a few people read him (B05 E14) -> a comment written and deleted (B06 E27) -> read (B06 E48, M23) -> his first deliberate post (B07 E11) -> he takes over MT (B07 E16, M26) -> he follows the voices that answer and authorises harm (M46, ruled). The fairness of his B08 complicity. All locators provisional (proposals/B04-B08 *_EPISODE_ARCHITECTURE_PASS3_2026-09-27.md).",LOCKED,"Kade follows the voices that answer him, and authorises harm (M46)",B08 A2 (E20)
BC-LACUNA-KADE-SAME-ROOM,seed,Lacuna and Kade in the same room without meeting,S1.T2.B04.A3.E43,S1.T2.B05.A3.E36; S1.T2.B06.A1.E12,M40,subtle,provisional,"M40 RULED. Cameos only before B07 (ruled). Whether they first meet before the funeral is open; the seed works either way Provisional Neon plant (pass 3, 2026-09-27). Loom locators added 2026-09-27 are provisional (proposals/B07-B09 *_EPISODE_ARCHITECTURE_PASS3_2026-09-27.md).",LOCKED,"Lacuna, prominent at the funeral, inspires Kade to post; their payoff is the B09 epilogue (M53)",B07 A1 (E02)
BC-LAST-CLEAR-ACT,plant,Tahl publishes that the public meta incidents are people altered by an institution,S1.T2.B05.A1.E08,S1.T2.B05.A1.E09; S1.T2.B05.A3.E33,M17,overt,provisional,"G4 approved design (the post, B05 A1). Content per Neon reconciliation N5. M17 proposed; metas are people (RULED) Provisional Neon plant (pass 3, 2026-09-27).",SOFT,"Technarc's presumptive authority breaks in Singapore, witnessed by Rex; the hardliners splinter",B06 A1 (E07)
BC-HOPE-CARO,seed,"Hope notices Caro at her first handoff, involuntarily",S1.T2.B05.A2.E26,S1.T3.B07.A2.E24; S1.T3.B08.A1.E11; S1.T3.B09.A1.E13,M33,subtle,provisional,"M54 approved design (Hope's first connection). Hope's early acts are involuntary (RULED). M33 RULED. Neon reconciliation N8 Provisional Neon plant (pass 3, 2026-09-27). Loom locators added 2026-09-27 are provisional (proposals/B07-B09 *_EPISODE_ARCHITECTURE_PASS3_2026-09-27.md).",LOCKED,Hope guides Caro; Caro becomes a guide at the Mending,"B09 A3 (E34, E44)"
BC-LUCIEN-SILENCE,ladder,Lucien's dissociation: Silence as fracture,S1.T2.B06.A1.E08,S1.T2.B06.A2.E26; S1.T3.B07.A1.E12; S1.T3.B08.A1.E07; S1.T3.B09.A1.E10,M33,subtle,provisional,"His card: Silence as fracture (Neon) -> chosen care (Loom). His own trajectory, not contagion. The guide relationships in B09 A2 are approved design (SAGA_STRUCTURE Q8). Fills the gap the Veil seeding found (no Veil carrier) Provisional Neon plant (pass 3, 2026-09-27). Loom locators added 2026-09-27 are provisional (proposals/B07-B09 *_EPISODE_ARCHITECTURE_PASS3_2026-09-27.md).",LOCKED,Silence guides Lucien; Lucien becomes a guide at the Mending,B09 A3 (E42)
BC-FIRST-ONE-LAST,plant,"Tahl's fragment: the tears are linked, several, closed in order; the first one has to be last",S1.T2.B06.EP.E47,S1.T3.B07.A1.E08; S1.T3.B08.A2.E18,M33,legible,provisional,"M39 RULED (content approved design, Q6). Seraphine's reading is private: the site secret holds (M51 RULED) Provisional Neon plant (pass 3, 2026-09-27). Loom locators added 2026-09-27 are provisional (proposals/B07-B09 *_EPISODE_ARCHITECTURE_PASS3_2026-09-27.md).",LOCKED,Honey Island is closed last; the crew's private reading of the chain (M47) guides the route to the Mending,B09 A3 (E32)
BC-ELDERS-CORRIDOR,plant,"Filament elders hold one corridor for a finite interval, at a cost, with a smaller target",S1.T2.B04.A3.E38,,M45,legible,provisional,"Recovered B4 A3 function (Dec 8 master; B04 source test). Stabilisation under the cap is temporary (Mechanica 42A.2, ruled). M45 proposed Provisional Neon plant (pass 3, 2026-09-27). Loom locators added 2026-09-27 are provisional (proposals/B07-B09 *_EPISODE_ARCHITECTURE_PASS3_2026-09-27.md).",SOFT,"The crew stabilises the first wound: temporary, costly, and real",B08 A1 (E10)
BC-REX-TAHL-SOURCE,plant,Rex becomes MT's verified source and brokers the meeting,S1.T2.B04.A3.E32,S1.T2.B04.A3.E42; S1.T2.B05.A1.E05; S1.T2.B06.A2.E23; S1.T3.B08.A1.E03; S1.T3.B08.A1.E13,M52,legible,provisional,"M52 RULED (known by Rex). Rex as the Santa Fe mourner is approved design (SAGA_STRUCTURE Q9). Neon reconciliation N4 Provisional Neon plant (pass 3, 2026-09-27). Loom locators added 2026-09-27 are provisional (proposals/B07-B09 *_EPISODE_ARCHITECTURE_PASS3_2026-09-27.md).",LOCKED,Rex knows Tahl: he mourns him at Santa Fe (M45) and recognises the one identifiable flare,B09 A3 (E40)
BC-SERAPHINE-HIDES-PRICE,ladder,"Seraphine decides the price of renewing the cap is hers, and hides it",S1.T3.B08.A2.E29,S1.T3.B08.A2.E30; S1.T3.B09.A1.E04; S1.T3.B09.A2.E25,M33,subtle,provisional,"M33 RULED; the cost ruling (Seraphine thinks only her) RULED; 42A RULED. The guides' price stays undisclosed before the Mending Provisional Loom plant (pass 3, 2026-09-27).",LOCKED,"At the Mending Lucien and Caro realise they must become the guides; the veil is held jointly, not by her alone",B09 A3 (E42-E45)
BC-KADE-PERMISSION,ladder,Kade authorises harm and tells himself he is preventing it,S1.T3.B08.A2.E20,S1.T3.B08.A2.E27; S1.T3.B09.A1.E12; S1.T3.B09.A3.E35,M35,legible,provisional,"M46 RULED (plant); M52 and M35 RULED (payoff). Kade authorises, does not strike (D5 approved design); his first strike is B09 (M52) Provisional Loom plant (pass 3, 2026-09-27).",LOCKED,After the flare he stands with Rex; after the Mending he reintegrates the rebellion's people,B09 EP (E47)
BC-LACUNA-FEINT,plant,"Lacuna builds relationships, boats and safe houses in New Orleans and the Gulf",S1.T3.B08.A1.E09,S1.T3.B08.A3.E34; S1.T3.B09.A1.E05,M50,subtle,provisional,"M50 RULED; Lacuna as its carrier is approved design (route Q3, editorial route Q7) Provisional Loom plant (pass 3, 2026-09-27).",LOCKED,The NOLA feint: the factions search New Orleans while the crew goes to the swamp,B09 A2 (E17)
BC-MIRACLE-CLAIM,plant,Elias claims the storm-wall opening as Kade's miracle,S1.T3.B08.A3.E38,S1.T3.B09.A1.E03; S1.T3.B09.A1.E12,M52,overt,provisional,"M31 (D2 approved: Kade did not cause it; Elias claims it from a distance); M52 RULED; the flare breaks Elias's leverage (A5 approved) Provisional Loom plant (pass 3, 2026-09-27).",LOCKED,"The one real sign from the sky, Tahl's flare, stops Kade and breaks Elias's leverage",B09 A3 (E40)
BC-CARO-ROAD-IN,plant,Caro builds the Gulf approach network,S1.T3.B08.A2.E25,S1.T3.B09.A1.E06; S1.T3.B09.A1.E15,M51,hidden,provisional,"Route Q2 approved design (the named task); M51 RULED Provisional Loom plant (pass 3, 2026-09-27).",LOCKED,The forward group reaches the swamp unseen; the site stays secret until the Mending itself exposes it,B09 A2 (E26)
