supplement_id,trigger_milestone_id,reader_group,supplement_type,supplement_function,supplement_vehicle,supplement_form,target_SID_or_episode,channel_MT_VT_LT,allowed_YN,status,notes
B01-S01,,,FUN,PING,VELVET,,after S1.T1.B01.A1.E05,,Y,planned,Velvet cultural invitation; form OPEN (v4.1b O5); spec in ebci/B01/S1.T1.B01.A1.E05.md
B01-S02,,,SLICE/POL,LINK/PING,CHRON,,after S1.T1.B01.A1.E08,,Y,planned,"News / civic counterpoint; CHRON only if chronology supports it, otherwise a grounded civic artifact (O6); form OPEN (O5); spec in ebci/B01/S1.T1.B01.A1.E08.md"
B01-S03,,,SLICE,RELEASE/PING,RITUAL,,after S1.T1.B01.A1.E10,,Y,planned,"Care culture; RITUAL only after an authenticity check (O7), otherwise change form or omit; spec in ebci/B01/S1.T1.B01.A1.E10.md"
B01-S04,,,FUN,PING,VELVET,,after S1.T1.B01.A2.E28,,Y,planned,Anticipated-night artifact; no threat hidden in it; form OPEN (O5); spec in ebci/B01/S1.T1.B01.A2.E28.md
B01-S05,,,SLICE,RELEASE/TENSION,VEIN,VIGNETTE,after S1.T1.B01.A2.E35,,Y,planned,Vein: after the pulse; placed where the file places it (after E35; the release relabel); spec in ebci/B01/S1.T1.B01.A2.E35.md
B01-S06,,,SLICE,RELEASE,VEIN,VIGNETTE,after S1.T1.B01.A3.E48,,Y,planned,"Vein: same room, different stories; after the narrative close; spec in ebci/B01/S1.T1.B01.A3.E48.md"
B02-S01,,,LORE,PING,MT,,after S1.T1.B02.A1.E07,,Y,planned,"M04: the anonymous MT voice begins; the triangle mark (V1), unremarked; spec in ebci/B02/S1.T1.B02.A1.E07.md"
B02-S02,,,POL,TENSION,CHRON,,after S1.T1.B02.A2.E27,,Y,planned,The clearance order's civic notice; promises return after review (E47 breaks it); CHRON is the nearest vehicle [P]; spec in ebci/B02/S1.T1.B02.A2.E27.md
B02-S03,,,LORE/POL,LINK,MT,,after S1.T1.B02.A2.E29,,Y,planned,"Correction: trust through restraint, no forecast; the triangle mark (V1); spec in ebci/B02/S1.T1.B02.A2.E29.md"
B02-S04,,,LORE,PING,MT,,after S1.T1.B02.A3.E40,,Y,planned,Southwest: an independent discrepancy; the triangle mark (V1); spec in ebci/B02/S1.T1.B02.A3.E40.md
B03-S01,,,LORE,PING,MT,,after S1.T1.B03.A1.E04,,Y,planned,"Southwest, sourced; the triangle mark (V1); spec in ebci/B03/S1.T1.B03.A1.E04.md"
B03-S02,,,LORE,LINK,MT,,after S1.T1.B03.A2.E18,,Y,planned,A correction: the lean does not predict a site; the triangle mark (V1); spec in ebci/B03/S1.T1.B03.A2.E18.md
B03-S03,,,LORE,TENSION,MT,,after S1.T1.B03.A3.E31,,Y,planned,"The coordinates (M11, A6): accurate, a warning; the triangle mark (V1); no blame; spec in ebci/B03/S1.T1.B03.A3.E31.md"
B03-S04,,,POL,TENSION,CHRON,,after S1.T1.B03.A3.E42,,Y,planned,The official account (A7): self-interested; Baz unnamed and misdescribed; CHRON is the nearest vehicle [P]; spec in ebci/B03/S1.T1.B03.A3.E42.md
