cast_id,name,tier1_canon,bundle,manifest_section,status,category,range,function,relationships,guardrail,historical,migration_note,ending,approval
A01,Inez,,A,2. FILAMENT / COMMUNITY RECURRING,KEEP / PROMOTE.,Filament/community recurring.,B1–B9 as story earns recurrence.,NOLA community memory; practical grounding; recognizes people rather than doctrine.,"Seraphine, Arianna, Trip, neighborhood Filaments.",,Historical material: unnamed E08 Filament local; portions of compassionate Mira material.,merge E08 local; transfer appropriate Mira material.,OPEN.,bundle A approved (Ruling 3)
A02,Arianna Duplantier,,A,2. FILAMENT / COMMUNITY RECURRING,KEEP.,,B1–B9.,compassionate/non-militant Filament ethic; teaching; organized care.,,,Historical aliases/material: portions of Mira; Miss Tilda “Lantern” Baptiste; Mère Céleste Boudreaux.,absorb compatible elder-care/breathwork/candle material without identity overwrite.,survives toward Honey Island in recovered trajectory; exact post-Mending treatment OPEN.,bundle A approved (Ruling 3)
A03,Jae “Sparrow” Nguyen,,A,2. FILAMENT / COMMUNITY RECURRING,KEEP; Lila Carter RETIRE/MERGE.,,B1–late Neon/Loom as beats support.,"messenger, street documentation, moving camera.",,,Historical collision: Lila Carter/Sparrow.,transfer messenger bag/chalk/signal material; preserve current Jae identity.,OPEN; historical B6 capture not automatically locked.,bundle A approved (Ruling 3)
A04,Samir “Pivot” Choksi,,A,2. FILAMENT / COMMUNITY RECURRING,KEEP.,,B3–B9.,medic → routes → mediator → diaspora logistics.,,,,,OPEN.,bundle A approved (Ruling 3)
A05,Nara Epps,,A,2. FILAMENT / COMMUNITY RECURRING,KEEP.,,Neon–Loom.,civic visual language / danger and breath glyphs.,,,Historical absorbed material: Jas Holcomb.,absorb distress-beacon function.,OPEN.,bundle A approved (Ruling 3)
A06,Ray “Stitch” Duong,,A,2. FILAMENT / COMMUNITY RECURRING,KEEP.,,Neon–Loom.,grounding knots / tactile triage infrastructure.,,,,,OPEN.,bundle A approved (Ruling 3)
A07,Liyun Park,,A,2. FILAMENT / COMMUNITY RECURRING,KEEP.,,B3–B9.,pattern perception and its human cost.,,,,,recovered post-Mending teacher direction; exact treatment OPEN.,bundle A approved (Ruling 3)
A08,Corrine Dalcourt,,A,2. FILAMENT / COMMUNITY RECURRING,RENAME / KEEP.,,Neon–Loom.,material mutual aid; anti-weaponization moral center.,,,Historical name: Corrine Baptiste.,rename only after contextual check; do not alter unrelated Baptistes.,OPEN.,bundle A approved (Ruling 3)
A09,Ren Bellande,,A,2. FILAMENT / COMMUNITY RECURRING,REBUILD / RENAME / MERGE.,,seed in Veil only if earned; primary arc Neon–Loom.,helper → direct action → coercion; personalizes Filament radicalization.,,"not evil, not secretly controlled, not Choirless.",Historical source/material: Ringo Marcel; Malik Price; Domenico “Dome” Reyes; militant Mira trajectory.,,OPEN BUT PAYOFF REQUIRED in Loom.,bundle A approved (Ruling 3)
A10,Ishaan Virk,,A,2. FILAMENT / COMMUNITY RECURRING,KEEP / NARROW.,,later Neon–Loom.,Kade parasocial consequence / dangerous idealization.,,,,,OPEN.,bundle A approved (Ruling 3)
A11,Blue String Kids,,A,2. FILAMENT / COMMUNITY RECURRING,KEEP AS COLLECTIVE.,,Neon–Loom.,youth mapping/rescue/evacuation; recognizable community symbol.,,,,do not name all members by default.,OPEN.,bundle A approved (Ruling 3)
A12,Rootkeeper,,A,2. FILAMENT / COMMUNITY RECURRING,DEMOTE / KEEP LOCAL.,,early Veil.,place-bound grounding elder/local texture.,,,,,no saga ending required.,bundle A approved (Ruling 3)
C01,Marcellus Virelli,VirelliAppearance.md; VirelliEBCI.md; VirelliID.md; VirelliRender.md,C,4. DOMINION / LUCIEN ECOSYSTEM,KEEP / PRIMARY DOMINION FACE.,,Veil shadow → Neon escalation → Loom collapse consequences.,"inherited authority, legitimacy, purity, containment becoming conviction.",,,Historical absorbed identities: Severin Virelli; portions of Arel Tovin.,,"OPEN; old off-page B9 death NOT LOCKED. Approved design 2026-09-27 (decisions/SAGA_RECOMMENDATIONS_ANTAGONIST_ARCS_AUTHOR_ANSWERS_2026-09-27.md): his last direct act is the Dominion's B04 demand that Lucien return (M05); thereafter outgrown; no death, and the off-page B9 death is not used.",bundle C approved (Ruling 3)
C02,Caldas Ren,,C,4. DOMINION / LUCIEN ECOSYSTEM,KEEP.,,"Note (added 2026-10-05, author-approved, CP10): from B01 E43, where he is named and approaches Baz (earlier unnamed sightings in B01 from E20, BazID.md note); recurs across Veil. (author 2026-10-05, ""all as recommended"", reports/B01_OPEN_QUESTIONS_REGISTER_2026-10-05.md §6) Locator note (added 2026-10-09, Q-BH5, decisions/B01_DIRECT_CONFLICT_HOUSTON_AND_SPLITS_AUTHOR_ANSWERS_2026-10-09.md): in the current B01 keys the City Park approach is E27A; E43 is the older key.","doctrine arriving at the door; surveillance → intimidation → lethal pursuit. Approved design 2026-09-27 (decisions/OPEN_QUESTIONS_AUTHOR_ANSWERS_2026-09-27.md): becomes the Dominion's B04 enforcement pressure on Lucien (D18). Note (added 2026-10-05, author-approved, CP10): he is the Dominion's face across Veil (D4, decisions/B02_B03_ALIGNMENT_D1_D6_AUTHOR_ANSWERS_2026-10-03.md). The B01 approach (E43) is made through Baz, with Lucien named; B04's enforcement pressure on Lucien above stands as his later course. B01 page facts: in his fifties, close-cut gray hair, a good gray suit, carries nothing, soft-spoken; knew Baz in Vienna and calls him Bastien; Baz names him to Seraphine as theirs at E49. (author 2026-10-05, ""all as recommended"", reports/B01_OPEN_QUESTIONS_REGISTER_2026-10-05.md §6)",,,Historical absorbed material: Sabir Vollen/generic enforcers.,,OPEN; old storm death NOT LOCKED.,bundle C approved (Ruling 3)
C03,Marius Holt,,C,4. DOMINION / LUCIEN ECOSYSTEM,KEEP.,,,"archive conscience, redactions, coded leaks, institutional memory.",,,Historical absorbed material: compatible Alaric Dorne/Sigrun Dahl archive-conscience functions.,,OPEN.,bundle C approved (Ruling 3)
C04,Helena Kael,,C,4. DOMINION / LUCIEN ECOSYSTEM,KEEP / NARROW.,,,"Lucien's aunt; family inheritance and Dominion conditioning. Approved design 2026-09-27 (decisions/SAGA_RECOMMENDATIONS_ANTAGONIST_ARCS_AUTHOR_ANSWERS_2026-09-27.md): the Dominion's request that sends Lucien to NOLA before B01 comes through her (B1). Approved design 2026-09-27 (decisions/OPEN_QUESTIONS_AUTHOR_ANSWERS_2026-09-27.md): she carries the Dominion's first B02 request, which Lucien partly obeys (A3); Lucien's cover is a legitimate observation posting the Dominion sponsors through her (A4). Note (added 2026-10-05, author-approved, CP10): the ""legitimate"" cover above (A4) is amended by Q-HR5a (decisions/B01_REDRAFT_HUMAN_READ_ANSWERS_Q_HR_AUTHOR_ANSWERS_2026-09-30.md, ledger §324–§325) to a Dominion-supplied cover organization (the Hollen Institute) that Lucien knows is a cover. Was: ""Lucien's cover is a legitimate observation posting the Dominion sponsors through her (A4)""; kept above as the superseded reading. On the B01 page the request reaches Lucien through R., his Institute desk contact; whether R. is Helena is not stated. (author 2026-10-05, ""all as recommended"", reports/B01_OPEN_QUESTIONS_REGISTER_2026-10-05.md §6)",,,,,OPEN; historical dying-message material not locked.,bundle C approved (Ruling 3)
C05,Janvier “Jan” Arnaud,,C,4. DOMINION / LUCIEN ECOSYSTEM,KEEP / NARROW RECURRING.,,lightly pre-B3 if useful; primary payoff Loom.,Baz's family; grief that does not center Lucien.,,,,,OPEN.,bundle C approved (Ruling 3)
D01,Director Han Wei,HanWeiAppearance.md; HanWeiBackstory.md; HanWeiEBCI.md; HanWeiID.md; HanWeiRender.md,D,5. TECHNARC / REX ECOSYSTEM,KEEP / PRIMARY TECHNARC FACE.,,,prediction/control/risk; treats uncertainty and human variance as engineering defects.,,,,,"OPEN. Approved design 2026-09-27 (decisions/SAGA_RECOMMENDATIONS_ANTAGONIST_ARCS_AUTHOR_ANSWERS_2026-09-27.md): exit by model failure at M17 (B06 A1, Singapore), witnessed at a distance by Rex; hardliners splinter from his failed model; he never confronts the protagonists.",bundle D approved (Ruling 3)
D02,Rex Tan,RexAppearance.md; RexEBCI.md; RexID.md; RexRender.md,D,5. TECHNARC / REX ECOSYSTEM,protected core supporting/primary ensemble; migration outside scope except relationship references.,,,loyal engineer → model failure → moral fracture → humane builder.,,,,,,bundle D approved (Ruling 3)
D03,Dr. Shun Watanabe,,D,5. TECHNARC / REX ECOSYSTEM,RENAME PROPOSAL / KEEP NARROW.,,,Rex mentor; discrepancies; resistance/sabotage.,,,Historical name: Dr. Shun Wei.,,OPEN.,bundle D approved (Ruling 3)
D04,Dr. Kasumi Arendt,,D,5. TECHNARC / REX ECOSYSTEM,KEEP.,,,evidence of manufactured-meta instability/human cost.,,,,,OPEN.,bundle D approved (Ruling 3)
D05,Gianna Locke,,D,5. TECHNARC / REX ECOSYSTEM,KEEP.,,,security/protocol officer; surveillance/preventive detention → conscience/break with system.,,,,,OPEN.,bundle D approved (Ruling 3)
D06,Harlow,,D,5. TECHNARC / REX ECOSYSTEM,KEEP; Rook MERGE/RETIRE.,,,covert retrieval/augmentation instability; weaponization consequence.,,,Historical paired identity: Rook & Harlow.,,OPEN; old disappearance not locked. Approved design 2026-09-27 (decisions/OPEN_QUESTIONS_AUTHOR_ANSWERS_2026-09-27.md): Rook and Harlow are absorbed into the Technarc hardliner remnant in Loom (D18).,bundle D approved (Ruling 3)
D07,Tamsin “Bluewire” Kho,,D,5. TECHNARC / REX ECOSYSTEM,DEMOTE / LIGHT PLACE TEXTURE unless Singapore relationship pass requires more.,,,technician-level institutional texture.,,,,,,bundle D approved (Ruling 3)
E01,Saeko Morita,SaekoAppearance.md; SaekoBackstory.md; SaekoEBCI.md; SaekoID.md; SaekoRender.md,E,6. IDEOLOGICAL / ANTAGONIST-ADJACENT,KEEP.,,,ideological engineer of Choirless; serenity-coercion architect; turns silence/calm into care language and doctrinal stabilization.,,"not a populist demagogue; not synonymous with Choirless as a whole; not generic villain.",Historical September description inverted her role with Ito; corrected from Jan. 4 source + current Tier-1.,,OPEN. Approved design 2026-09-27 (decisions/SAGA_RECOMMENDATIONS_ANTAGONIST_ARCS_AUTHOR_ANSWERS_2026-09-27.md): her authority decays through resistance when her calm cannot contain the Choirless's first overt violence (B06); the doctrine outlives her influence.,bundle E approved (Ruling 3); role correction 2026-09-20
E02,Tessa Vane,,E,6. IDEOLOGICAL / ANTAGONIST-ADJACENT,RENAME/REBUILD.,,,neighbor-on-neighbor radicalization; ordinary enforcement after exclusion becomes socially permitted.,,not Choirless lieutenant by default.,Historical slot: KELL ORGANIZER / Mara Kell.,,OPEN.,bundle E approved (Ruling 3)
E03,Ito Masayuki,ItoAppearance.md; ItoBackstory.md; ItoEBCI.md; ItoID.md; ItoRender.md,E,6. IDEOLOGICAL / ANTAGONIST-ADJACENT,KEEP / PUBLIC-FACING FEAR AMPLIFIER.,,"proto-language/network B4–B5; first overt Choirless violence B6; spread B7; peak B8; Mending opposition B9. Approved design 2026-09-27 (decisions/SAGA_RECOMMENDATIONS_ANTAGONIST_ARCS_AUTHOR_ANSWERS_2026-09-27.md): this range is the movement's curve, not the man's; Ito himself peaks with the first overt violence (B06) and fades through exhaustion in B07.",public-facing populist antagonist; weaponizes fear and grievance; gives anti-resonance extremism permission; popularizes rather than designs doctrine.,,"not Choirless doctrinal engineer; not Virelli-style Order as Mercy; not Technarc planner.",Historical September description blurred/inverted his role with Saeko; corrected from Jan. 4 source + current Tier-1.,,OPEN.,bundle E approved (Ruling 3); role correction 2026-09-20
E04,Elias Ward,EliasAppearance.md; EliasEBCI.md; EliasID.md; EliasRender.md,,6. IDEOLOGICAL / ANTAGONIST-ADJACENT,KEEP. Row added 2026-09-27 by author instruction (housekeeping); Tier-1 cards govern.,Brightbreak: the man behind the handle and the movement; primary human manipulator in Loom,"No Veil presence; Neon: unnamed Brightbreak handle only (ruled 2026-09-26); arrives in New Orleans around Tahl's funeral, not during B06 (ruled G9, 2026-09-27); identifies Kade at the funeral (M41); begins subverting Kade in B07 Act III (lean); B08 splinter theatre with Kade (approved design); M52 in B09 Act III (ruled).","certainty broker: wants Kade's authorization of his story; amplifies, frames and claims; no metaphysical access.",Kade: primary vector. Lacuna: the counterforce he works to separate from Kade. Rex: attacked by him in B09 (M52). Tahl: his echo stops the final leverage moment.,"No metaphysical access, authority or sensitivity; never calls himself Brightbreak in intimate settings; never publicly unmasked; no martyrdom; no Elias POV in B07 (approved design).","Manchester biography superseded by Ocean Springs (2026-09-26 card corrections E2/E3); ""late Neon"" relocation narrowed to around the funeral (G9).","Not from a Ruling 3 bundle; added by author instruction, so the bundle field is blank. Before 2026-09-27 he had no registry row although his four Tier-1 cards existed (reports/ANTAGONIST_FACTION_ARC_MATRIX_PASS1_2026-09-27.md §6).","OPEN. Cards: survives; Brightbreak dissolves after the Mending; may return in a later expansion only by reinventing himself. Personal fate not ruled. Approved design 2026-09-27 (decisions/SAGA_RECOMMENDATIONS_ANTAGONIST_ARCS_AUTHOR_ANSWERS_2026-09-27.md): survives, never unmasked; the flare breaks his leverage (M52); at most one epilogue glimpse; no punishment scene.","author instruction 2026-09-27 (""fix the housekeeping""; decisions/ANTAGONIST_HOUSEKEEPING_AUTHOR_INSTRUCTION_2026-09-27.md); content from the Tier-1 cards and rulings only"
F01,Naomi Clairborne,,F,7. MEDIA / PUBLIC VOICES,KEEP / PRIMARY CHRONICLE FACE.,,B1–B9.,institutional verification → mistakes/distortion → correction → independent witness/archive.,,,,,survives as person/witness; Chronicle institution dies in Loom.,bundle F approved (Ruling 3)
F02,Zane Rowley,,F,7. MEDIA / PUBLIC VOICES,KEEP.,,Veil–collapse.,attention economy; aggregator → distortion merchant → audience capture.,,,,,late presence may be fragment/archive; platform power collapses.,bundle F approved (Ruling 3)
F03,Silas Moreau,,F,7. MEDIA / PUBLIC VOICES,KEEP.,,Neon–Loom.,ideological normalization/media argument.,,,,,OPEN.,bundle F approved (Ruling 3)
F04,Patrice Valois,,F,7. MEDIA / PUBLIC VOICES,KEEP NARROW.,,Veil/Neon.,civic/public-information professional; unraveling professionalism.,,,,,no Loom recurrence obligation.,bundle F approved (Ruling 3)
F05,Signalman East,,F,7. MEDIA / PUBLIC VOICES,KEEP HANDLE.,,Loom.,imperfect analog radio continuity after digital failure.,,,,,,bundle F approved (Ruling 3)
F06,Ribbon_9,,F,7. MEDIA / PUBLIC VOICES,KEEP HANDLES,Core MT chorus — KEEP HANDLES,,anxiety → witness → hope.,,do not reveal legal identities by default.,,,OPEN,bundle F approved (Ruling 3)
F07,GlassHarbor,,F,7. MEDIA / PUBLIC VOICES,KEEP HANDLES,Core MT chorus — KEEP HANDLES,,crowdsourced verification; must sometimes be wrong/corrected.,,do not reveal legal identities by default.,,,OPEN,bundle F approved (Ruling 3)
F08,NthDaySurvivor,,F,7. MEDIA / PUBLIC VOICES,KEEP HANDLES,Core MT chorus — KEEP HANDLES,,pattern hunger; must not always predict correctly.,,do not reveal legal identities by default.,,,OPEN,bundle F approved (Ruling 3)
F09,tinfoilmage,,F,7. MEDIA / PUBLIC VOICES,KEEP HANDLES,Core MT chorus — KEEP HANDLES,,humor/community pressure valve; not supernatural joke-prophet.,,do not reveal legal identities by default.,,,OPEN,bundle F approved (Ruling 3)
F10,BriteLine,,F,7. MEDIA / PUBLIC VOICES,KEEP FINITE.,,,safe-route mapper whose disappearance becomes community memory.,,,,,choose one clean uncertain ending; do not repeatedly resurrect traces.,bundle F approved (Ruling 3)
F11,ghost_frequency,,F,7. MEDIA / PUBLIC VOICES,DEMOTE / CHORUS COLOR.,,,"eerie texture, not reliable supernatural spoiler.",,,,,,bundle F approved (Ruling 3)
B01,Trip,TripAppearance.md; TripEBCI.md; TripID.md; TripRender.md,B,3. NEW ORLEANS CIVIC / CULTURAL,KEEP / PROTECT.,,saga-recurring as place logic permits.,Velvet Vein cultural host; gossip archivist; informal information switchboard; humor/social pressure valve.,,non-resonant; not Filament leadership.,,"Place references PROVISIONAL. Ruling 3 of 2026-09-19: bundles B and G are ""approved in substance; their place references inherit Ruling 1's preliminary status"". Ruling 8 of 2026-09-20 makes that status a populated, marked value rather than an absence - see grids/locations_registry.csv, which carries every place-to-type assignment with its own status. Anchors CITE the registry rather than copying it, so they regenerate when vetting changes a type. Ledger 65.",OPEN; post-Mending cultural rebuilding direction protected.,bundle B approved (Ruling 3)
B02,Mme Rosette,,B,3. NEW ORLEANS CIVIC / CULTURAL,KEEP.,,Veil–early Neon; later sparing returns.,"ordinary neighborhood “weather-vane,” not secret expert.",,,,"Place references PROVISIONAL. Ruling 3 of 2026-09-19: bundles B and G are ""approved in substance; their place references inherit Ruling 1's preliminary status"". Ruling 8 of 2026-09-20 makes that status a populated, marked value rather than an absence - see grids/locations_registry.csv, which carries every place-to-type assignment with its own status. Anchors CITE the registry rather than copying it, so they regenerate when vetting changes a type. Ledger 65.",no forced closure.,bundle B approved (Ruling 3)
B03,Ms. Leontine,,B,3. NEW ORLEANS CIVIC / CULTURAL,KEEP / PROMOTE PLACE ANCHOR.,,Veil/Neon–Loom as refuge arc requires.,place → loss → hospitality without place.,"Trip, Inez (A01, formerly Mara), Corrine, Blue String Kids.",,,"Place references PROVISIONAL. Ruling 3 of 2026-09-19: bundles B and G are ""approved in substance; their place references inherit Ruling 1's preliminary status"". Ruling 8 of 2026-09-20 makes that status a populated, marked value rather than an absence - see grids/locations_registry.csv, which carries every place-to-type assignment with its own status. Anchors CITE the registry rather than copying it, so they regenerate when vetting changes a type. Ledger 65.",OPEN.,bundle B approved (Ruling 3)
B04,Roland Baptiste,,B,3. NEW ORLEANS CIVIC / CULTURAL,KEEP.,,Neon/Loom.,non-Filament community grounding / informal civic trust.,,,,"Place references PROVISIONAL. Ruling 3 of 2026-09-19: bundles B and G are ""approved in substance; their place references inherit Ruling 1's preliminary status"". Ruling 8 of 2026-09-20 makes that status a populated, marked value rather than an absence - see grids/locations_registry.csv, which carries every place-to-type assignment with its own status. Anchors CITE the registry rather than copying it, so they regenerate when vetting changes a type. Ledger 65.",OPEN.,bundle B approved (Ruling 3)
B05,Councilwoman Anaïs Baptiste,,B,3. NEW ORLEANS CIVIC / CULTURAL,KEEP.,,Veil–Loom as civic institutions permit.,"transparency, accountable government, civic trust.",,,,"Place references PROVISIONAL. Ruling 3 of 2026-09-19: bundles B and G are ""approved in substance; their place references inherit Ruling 1's preliminary status"". Ruling 8 of 2026-09-20 makes that status a populated, marked value rather than an absence - see grids/locations_registry.csv, which carries every place-to-type assignment with its own status. Anchors CITE the registry rather than copying it, so they regenerate when vetting changes a type. Ledger 65.",OPEN.,bundle B approved (Ruling 3)
B06,Leila Broussard,,B,3. NEW ORLEANS CIVIC / CULTURAL,KEEP; Camille RETIRE/MERGE.,,"Veil–Neon, later only if geography permits.",recurring medical-system face.,,,Historical merged identity: Nurse Camille Dupré.,"Place references PROVISIONAL. Ruling 3 of 2026-09-19: bundles B and G are ""approved in substance; their place references inherit Ruling 1's preliminary status"". Ruling 8 of 2026-09-20 makes that status a populated, marked value rather than an absence - see grids/locations_registry.csv, which carries every place-to-type assignment with its own status. Anchors CITE the registry rather than copying it, so they regenerate when vetting changes a type. Ledger 65.",OPEN.,bundle B approved (Ruling 3)
B07,Ramon Espina,,B,3. NEW ORLEANS CIVIC / CULTURAL,KEEP / CONSOLIDATE.,,Veil–Neon/Loom as infrastructure survives.,physical transit/infrastructure improvisation.,,,Historical absorbed identities: Jeremiah Knox; Cole Maddox.,"Place references PROVISIONAL. Ruling 3 of 2026-09-19: bundles B and G are ""approved in substance; their place references inherit Ruling 1's preliminary status"". Ruling 8 of 2026-09-20 makes that status a populated, marked value rather than an absence - see grids/locations_registry.csv, which carries every place-to-type assignment with its own status. Anchors CITE the registry rather than copying it, so they regenerate when vetting changes a type. Ledger 65.",OPEN.,bundle B approved (Ruling 3)
B08,Shirin Petrov,,B,3. NEW ORLEANS CIVIC / CULTURAL,KEEP / PROMOTE.,,Veil–Loom.,civilian empirical data/maps; public evidence.,,sometimes wrong/data-starved.,,"Place references PROVISIONAL. Ruling 3 of 2026-09-19: bundles B and G are ""approved in substance; their place references inherit Ruling 1's preliminary status"". Ruling 8 of 2026-09-20 makes that status a populated, marked value rather than an absence - see grids/locations_registry.csv, which carries every place-to-type assignment with its own status. Anchors CITE the registry rather than copying it, so they regenerate when vetting changes a type. Ledger 65.",OPEN.,bundle B approved (Ruling 3)
B09,Kesi Albright,,B,3. NEW ORLEANS CIVIC / CULTURAL,KEEP / PROMOTE.,,Veil–post-Mending.,cultural visual long arc; “city paints back.”,,"art interprets/changes people, not literal magic.",,"Place references PROVISIONAL. Ruling 3 of 2026-09-19: bundles B and G are ""approved in substance; their place references inherit Ruling 1's preliminary status"". Ruling 8 of 2026-09-20 makes that status a populated, marked value rather than an absence - see grids/locations_registry.csv, which carries every place-to-type assignment with its own status. Anchors CITE the registry rather than copying it, so they regenerate when vetting changes a type. Ledger 65.",Mosaic of Hope direction retained as proposal.,bundle B approved (Ruling 3)
B10,Zoe Carignan,,B,3. NEW ORLEANS CIVIC / CULTURAL,DEMOTE.,,,poet/cultural collaborator around Kesi.,,,,"Place references PROVISIONAL. Ruling 3 of 2026-09-19: bundles B and G are ""approved in substance; their place references inherit Ruling 1's preliminary status"". Ruling 8 of 2026-09-20 makes that status a populated, marked value rather than an absence - see grids/locations_registry.csv, which carries every place-to-type assignment with its own status. Anchors CITE the registry rather than copying it, so they regenerate when vetting changes a type. Ledger 65.",no required saga closure.,bundle B approved (Ruling 3)
B11,Officer Daniel Rieux,,B,3. NEW ORLEANS CIVIC / CULTURAL,KEEP FINITE.,,Veil–B4/B5 substantial; exit legible by B6.,"ordinary public servant witnessing systems fail. Note (added 2026-10-05, author-approved, CP17): he is the unnamed young officer of B01 E14 (takes Lucien's statement at the Square) and E38 (at the sawhorse, with the roll-call card); he is to be named Rieux on the page at the line pass. (author 2026-10-05, ""all as recommended"", reports/B01_OPEN_QUESTIONS_REGISTER_2026-10-05.md §6) Update (2026-10-06): done; the line-pass item was brought forward and he is named Rieux once, in B01 E38 (decisions/B01_LISTENING_REALISM_AND_SIDE_BY_SIDE_AUTHOR_ANSWERS_2026-10-05.md §2, ledger §435).",,,,"Place references PROVISIONAL. Ruling 3 of 2026-09-19: bundles B and G are ""approved in substance; their place references inherit Ruling 1's preliminary status"". Ruling 8 of 2026-09-20 makes that status a populated, marked value rather than an absence - see grids/locations_registry.csv, which carries every place-to-type assignment with its own status. Anchors CITE the registry rather than copying it, so they regenerate when vetting changes a type. Ledger 65.",exact exit OPEN.,bundle B approved (Ruling 3)
B12,Odile Doucet,,B,3. NEW ORLEANS CIVIC / CULTURAL,"KEEP. Added 2026-10-05 (author-approved, CP16).",B01 local cast: the Batiste family (Honey Island),B01; recurs in B02 (Q-CP16).,"the grieving grandmother of the B01 E01 death; the family whose loss anchors Seraphine's B01 line. Facts: Dré's grandmother and Renée's mother; Cajun family at a fishing camp on pilings at the water's edge in the Honey Island Swamp, St. Tammany Parish (decisions/B01_LIVED_IN_LOUISIANA_LANGUAGE_AUTHOR_ANSWERS_2026-10-05.md, Q-LL1; the page names neither the swamp nor the parish); a big woman with a trapper's forearms; keeps the tide report on the radio; Renée and Dré lived at the camp for the last year; calls Seraphine in the evenings after the death. Voice: Cajun, a dense elder (Q-LL2); cher is invariable. Surname Doucet is provisional, chosen 2026-10-05 to implement Q-CP3 (b) (Renée is Batiste by marriage); the author may change it.",Renée Batiste (daughter); Dré Batiste (grandson); Seraphine (the family's caseworker).,"Her family is Cajun, not city Creole. The page does not name her surname yet. Correction (2026-10-06): that sentence predates the Q-CP3 page edit (manuscript ef0caef, decisions/B01_OPEN_QUESTIONS_ALL_AS_RECOMMENDED_AUTHOR_ANSWERS_2026-10-05.md §4); the merged B01 now calls her Mrs. Doucet in E04 (Lucien's point of view), and Odile in E01–E03 and later. Doucet stays provisional.",,"New row 2026-10-05 (CP16), not from a Ruling 3 bundle. Bundle B (New Orleans civic / cultural) is the closest fit for B01's local cast; the family is from St. Tammany Parish, outside New Orleans, so no bundle fits cleanly. Q-CP3 (b): on the page both Odile and Renée were called Mrs. Batiste; Odile gets her own surname. Facts are from the merged B01 page (post-merge card-versus-prose review, 2026-10-05) and approved answers; the facts summary follows the function in the function field.",OPEN.,"author 2026-10-05, ""all as recommended"", reports/B01_OPEN_QUESTIONS_REGISTER_2026-10-05.md §6 (Q-CP16)"
B13,Renée Batiste,,B,3. NEW ORLEANS CIVIC / CULTURAL,"KEEP. Added 2026-10-05 (author-approved, CP16).",B01 local cast: the Batiste family (Honey Island),B01; recurs in B02 (Q-CP16).,"the dead child's mother; the person to whom Seraphine's account is owed. Facts: Dré's mother; Odile's daughter; Batiste by marriage (Q-CP3 (b)); sister Lorraine lives in Metairie, where Renée stays after the death; she asks Seraphine what happened, and at E44 has her add the coverage lapse to the statement in her own hand.","Dré Batiste (son); Odile Doucet (mother); Lorraine (sister, Metairie); Seraphine.",,,"New row 2026-10-05 (CP16), not from a Ruling 3 bundle. Bundle B (New Orleans civic / cultural) is the closest fit for B01's local cast; the family is from St. Tammany Parish, outside New Orleans, so no bundle fits cleanly. Facts are from the merged B01 page (post-merge card-versus-prose review, 2026-10-05) and approved answers; the facts summary follows the function in the function field.",OPEN.,"author 2026-10-05, ""all as recommended"", reports/B01_OPEN_QUESTIONS_REGISTER_2026-10-05.md §6 (Q-CP16)"
B14,Dré Batiste,,B,3. NEW ORLEANS CIVIC / CULTURAL,"KEEP. Added 2026-10-05 (author-approved, CP16).",B01 local cast: the Batiste family (Honey Island),B01 E01 (dies); afterwards in memory and record only.,"the child whose death in B01 E01 opens the book. Facts: seven years old; dies at his grandmother's camp in E01, in Seraphine's care after she does CPR (SeraphineIdentity.md §XI, revised 2026-10-05); his coverage had lapsed: the renewal sat unfinished on Seraphine's desk for three weeks.",Renée Batiste (mother); Odile Doucet (grandmother); Seraphine.,"He is not Mira and has no guide role (decisions/B01_MANUSCRIPT_RULING_CONFLICTS_AUTHOR_ANSWERS_2026-09-29.md, #1). Seraphine's brother, formerly Andre, is renamed Remy (2026-10-05, CP4) so the names do not collide.",,"New row 2026-10-05 (CP16), not from a Ruling 3 bundle. Bundle B (New Orleans civic / cultural) is the closest fit for B01's local cast; the family is from St. Tammany Parish, outside New Orleans, so no bundle fits cleanly. The child may be named (ruled 2026-09-29, Q-OL4 #1). Facts are from the merged B01 page (post-merge card-versus-prose review, 2026-10-05) and approved answers; the facts summary follows the function in the function field.",OPEN.,"author 2026-10-05, ""all as recommended"", reports/B01_OPEN_QUESTIONS_REGISTER_2026-10-05.md §6 (Q-CP16)"
B15,Miss Tavie (Mrs. Robichaux),,B,3. NEW ORLEANS CIVIC / CULTURAL,"KEEP. Added 2026-10-05 (author-approved, CP16).",B01 local cast: Seraphine's household (Tremé),B01; recurs in B02 (Q-CP16).,"Seraphine's landlady and household elder; daily life and church on the page. Facts: 83; widow of Ferdinand Robichaux, an Orleans Parish electrician for twenty-eight years who died six years before B01; walks with a cane and wears his gray cardigan; Seraphine has rented her upstairs for six years, in Tremé; Seraphine drives her to Mass, and she sets Seraphine a place every week. Voice: dense elder (Q-LL2).",Seraphine (tenant); Ferdinand Robichaux (late husband).,,,"New row 2026-10-05 (CP16), not from a Ruling 3 bundle. Bundle B (New Orleans civic / cultural) is the closest fit for B01's local cast; community, not Filament (bundle A's community rows are Filament-linked), so B is used. Facts are from the merged B01 page (post-merge card-versus-prose review, 2026-10-05) and approved answers; the facts summary follows the function in the function field.",OPEN.,"author 2026-10-05, ""all as recommended"", reports/B01_OPEN_QUESTIONS_REGISTER_2026-10-05.md §6 (Q-CP16)"
B16,Denise,,B,3. NEW ORLEANS CIVIC / CULTURAL,"KEEP. Added 2026-10-05 (author-approved, CP16).",B01 local cast: the Beaulieu Center for Family Services,B01; the E41 write-up's consequence carries into B02.,"Seraphine's institutional pressure at work. Facts: Seraphine's supervisor of many years at the Beaulieu Center for Family Services (SeraphineIdentity.md §VII note, 2026-10-02); never raises her voice; reading glasses; peppermints nobody may take. Disciplinary steps in B01: a watch warning at E09; Ursulines taken off Seraphine's caseload and given to Marisol at E37; a written warning over a client's will-call oxygen tank at E41.",Seraphine (supervisee); Marisol (caseworker).,,,"New row 2026-10-05 (CP16), not from a Ruling 3 bundle. Bundle B (New Orleans civic / cultural) is the closest fit for B01's local cast; civic social services in Tremé; B fits. Answers the 2026-10-02 supersession note's pending Denise row. Facts are from the merged B01 page (post-merge card-versus-prose review, 2026-10-05) and approved answers; the facts summary follows the function in the function field.",OPEN.,"author 2026-10-05, ""all as recommended"", reports/B01_OPEN_QUESTIONS_REGISTER_2026-10-05.md §6 (Q-CP16)"
B17,Marisol,,B,3. NEW ORLEANS CIVIC / CULTURAL,"KEEP. Added 2026-10-05 (author-approved, CP16).",B01 local cast: the Beaulieu Center for Family Services,B01; recurs in B02 (Q-CP16).,a colleague at the center who inherits part of Seraphine's caseload. Facts: a caseworker at the Beaulieu Center; speaks Spanish; takes over the Ursulines block at E37.,Seraphine (colleague); Denise (supervisor).,,,"New row 2026-10-05 (CP16), not from a Ruling 3 bundle. Bundle B (New Orleans civic / cultural) is the closest fit for B01's local cast; civic social services in Tremé; B fits. Answers the 2026-10-02 supersession note's pending Marisol row. Facts are from the merged B01 page (post-merge card-versus-prose review, 2026-10-05) and approved answers; the facts summary follows the function in the function field.",OPEN.,"author 2026-10-05, ""all as recommended"", reports/B01_OPEN_QUESTIONS_REGISTER_2026-10-05.md §6 (Q-CP16)"
B18,Guidry,,B,3. NEW ORLEANS CIVIC / CULTURAL,"KEEP. Added 2026-10-05 (author-approved, CP16).",B01 local cast: St. Tammany Parish coroner's office,B01; follow-up in B02 (Q-CP16).,"the official record of the E01 death; holds both statements. Facts: the St. Tammany Parish coroner's investigator, office in Lacombe (decisions/B01_POST_MERGE_REVIEW_Q_GC1_2_Q_GC3_1_Q_PM20_AUTHOR_ANSWERS_2026-10-05.md, Q-GC1-2); holds Seraphine's statement and Lucien's hazard-check form with its None; the file goes upstairs; has the firm take Lucien off its site visits for the coroner's office pending a medical look (ledger §367).",Seraphine; Lucien; Renée Batiste.,,,"New row 2026-10-05 (CP16), not from a Ruling 3 bundle. Bundle B (New Orleans civic / cultural) is the closest fit for B01's local cast; a parish official in St. Tammany, outside New Orleans, so no bundle fits cleanly. Facts are from the merged B01 page (post-merge card-versus-prose review, 2026-10-05) and approved answers; the facts summary follows the function in the function field.",OPEN.,"author 2026-10-05, ""all as recommended"", reports/B01_OPEN_QUESTIONS_REGISTER_2026-10-05.md §6 (Q-CP16)"
B19,Sal Ferrara,,B,3. NEW ORLEANS CIVIC / CULTURAL,"KEEP. Added 2026-10-05 (author-approved, CP16).",B01 local cast: Lucien's working life,B01; recurs in B02 (Q-CP16).,"Lucien's hands-on work and the man his false report harms. Facts: a contractor (Salvatore); Sicilian family, and speaks Sicilian on the page (Q-PM8); a Chalmette connection through his cousin's cypress (from the barn, off the choir loft of the old church in Chalmette); the Kerlerec job, a Creole cottage on jacks, where Lucien works unpaid and Sal decides; red-tagged on Lucien's false glass-disturbance report, which Lucien later withdraws in his own name; crew Tony and Tony's nephew. Voice: Yat (Q-LL1).",Lucien (unpaid labour on his job); Mr. Ledet (knew him young); Tony (crew).,The page does not say he is from Chalmette; only the cypress connection is stated.,,"New row 2026-10-05 (CP16), not from a Ruling 3 bundle. Bundle B (New Orleans civic / cultural) is the closest fit for B01's local cast; a New Orleans tradesman; B is the nearest fit. Facts are from the merged B01 page (post-merge card-versus-prose review, 2026-10-05) and approved answers; the facts summary follows the function in the function field.",OPEN.,"author 2026-10-05, ""all as recommended"", reports/B01_OPEN_QUESTIONS_REGISTER_2026-10-05.md §6 (Q-CP16)"
B20,Mr. Ledet,,B,3. NEW ORLEANS CIVIC / CULTURAL,"KEEP. Added 2026-10-05 (author-approved, CP16).",B01 local cast: Lucien's household,B01; recurs in B02 (Q-CP16).,"Lucien and Baz's host; a neighbourhood elder on the step. Facts: an old man, widowed for many years, with a son in Gonzales; Lucien rents his upstairs room up a side stair, six blocks from Kerlerec (the Marigny, per the page); Baz sleeps on Lucien's floor from Act II; radio on the step; has Lucien and Baz to Easter (E31); tells a man asking about Baz's rental that he knows no Frenchman; knew Sal Ferrara young.",Lucien (tenant); Baz (guest on Lucien's floor); Sal Ferrara.,,,"New row 2026-10-05 (CP16), not from a Ruling 3 bundle. Bundle B (New Orleans civic / cultural) is the closest fit for B01's local cast; community, not Filament (bundle A's community rows are Filament-linked), so B is used. Facts are from the merged B01 page (post-merge card-versus-prose review, 2026-10-05) and approved answers; the facts summary follows the function in the function field.",OPEN.,"author 2026-10-05, ""all as recommended"", reports/B01_OPEN_QUESTIONS_REGISTER_2026-10-05.md §6 (Q-CP16)"
B21,Renita (Miss Renita),,B,3. NEW ORLEANS CIVIC / CULTURAL,"KEEP. Added 2026-10-05 (author-approved, CP16).",B01 local cast: Tremé block,B01 across all three acts; recurs in B02 (Q-CP16).,a recurring Tremé neighbour on Seraphine's calls; a block Baz also works (E26). Facts: lives on the Tremé block with the barrels; cooks rice; her nephew is fourteen; Mr. Benoit's corner store is on her block.,Seraphine; Baz; Mr. Benoit (corner store on her block).,,,"New row 2026-10-05 (CP16), not from a Ruling 3 bundle. Bundle B (New Orleans civic / cultural) is the closest fit for B01's local cast; community, not Filament (bundle A's community rows are Filament-linked), so B is used. Facts are from the merged B01 page (post-merge card-versus-prose review, 2026-10-05) and approved answers; the facts summary follows the function in the function field.",OPEN.,"author 2026-10-05, ""all as recommended"", reports/B01_OPEN_QUESTIONS_REGISTER_2026-10-05.md §6 (Q-CP16)"
G01,Reykjavík University Mentor,,G,8. PLACE ANCHORS,KEEP SLOT / UNNAMED.,,,Elisabet pre-Concord professional/research relationship.,,,,"Place references PROVISIONAL. Ruling 3 of 2026-09-19: bundles B and G are ""approved in substance; their place references inherit Ruling 1's preliminary status"". Ruling 8 of 2026-09-20 makes that status a populated, marked value rather than an absence - see grids/locations_registry.csv, which carries every place-to-type assignment with its own status. Anchors CITE the registry rather than copying it, so they regenerate when vetting changes a type. Ledger 65.",,bundle G approved (Ruling 3)
G02,Reykjavík old harbor fisherman,,G,8. PLACE ANCHORS,KEEP UNNAMED / LOCAL.,,,ordinary continuity/weather/anomaly observation.,,,,"Place references PROVISIONAL. Ruling 3 of 2026-09-19: bundles B and G are ""approved in substance; their place references inherit Ruling 1's preliminary status"". Ruling 8 of 2026-09-20 makes that status a populated, marked value rather than an absence - see grids/locations_registry.csv, which carries every place-to-type assignment with its own status. Anchors CITE the registry rather than copying it, so they regenerate when vetting changes a type. Ledger 65.",,bundle G approved (Ruling 3)
G03,Hallgrímskirkja priest,,G,8. PLACE ANCHORS,DEMOTE TO SCENE ROLE.,,,,,,,"Place references PROVISIONAL. Ruling 3 of 2026-09-19: bundles B and G are ""approved in substance; their place references inherit Ruling 1's preliminary status"". Ruling 8 of 2026-09-20 makes that status a populated, marked value rather than an absence - see grids/locations_registry.csv, which carries every place-to-type assignment with its own status. Anchors CITE the registry rather than copying it, so they regenerate when vetting changes a type. Ledger 65.",,bundle G approved (Ruling 3)
G04,Elisabet grandmother relationship/house,ElisabetAppearance.md; ElisabetEBCI.md; ElisabetID.md; ElisabetRender.md,G,8. PLACE ANCHORS,PROTECT RELATIONSHIP / DO NOT INVENT CHARACTER BIO.,,,family memory; Þingholt house emotional anchor.,,,,"Place references PROVISIONAL. Ruling 3 of 2026-09-19: bundles B and G are ""approved in substance; their place references inherit Ruling 1's preliminary status"". Ruling 8 of 2026-09-20 makes that status a populated, marked value rather than an absence - see grids/locations_registry.csv, which carries every place-to-type assignment with its own status. Anchors CITE the registry rather than copying it, so they regenerate when vetting changes a type. Ledger 65.",,bundle G approved (Ruling 3)
G05,Naima el-Faris,,G,8. PLACE ANCHORS,KEEP / PROMOTE MARRAKESH PLACE ANCHOR.,,,Filament diaspora coordinator; grounding/mentorship; local human continuity.,"Elisabet, Kade, Caro, Lacuna, Seraphine as earned.",,,"Place references PROVISIONAL. Ruling 3 of 2026-09-19: bundles B and G are ""approved in substance; their place references inherit Ruling 1's preliminary status"". Ruling 8 of 2026-09-20 makes that status a populated, marked value rather than an absence - see grids/locations_registry.csv, which carries every place-to-type assignment with its own status. Anchors CITE the registry rather than copying it, so they regenerate when vetting changes a type. Ledger 65.",OPEN.,bundle G approved (Ruling 3)
G06,Santa Fe,,G,8. PLACE ANCHORS,NO RECURRING PLACE ANCHOR PROMOTED.,,,,,,,"Place references PROVISIONAL. Ruling 3 of 2026-09-19: bundles B and G are ""approved in substance; their place references inherit Ruling 1's preliminary status"". Ruling 8 of 2026-09-20 makes that status a populated, marked value rather than an absence - see grids/locations_registry.csv, which carries every place-to-type assignment with its own status. Anchors CITE the registry rather than copying it, so they regenerate when vetting changes a type. Ledger 65.",,bundle G approved (Ruling 3)
G07,Coastal Japan,,G,8. PLACE ANCHORS,NO NEW REPRESENTATIVE CHARACTER REQUIRED.,,,,,,,"Place references PROVISIONAL. Ruling 3 of 2026-09-19: bundles B and G are ""approved in substance; their place references inherit Ruling 1's preliminary status"". Ruling 8 of 2026-09-20 makes that status a populated, marked value rather than an absence - see grids/locations_registry.csv, which carries every place-to-type assignment with its own status. Anchors CITE the registry rather than copying it, so they regenerate when vetting changes a type. Ledger 65.",,bundle G approved (Ruling 3)
G08,Mara Niht,,G,8. PLACE ANCHORS,"KEEP NAME / INTEGRATED. Promoted from the hold list 2026-09-21: both gates cleared - integration ruled 2026-09-20, source body recovered 2026-09-21.",cross-project import; music-culture figure,"LIMITED. Ruled 2026-09-21: ""a similar role as Trip (just in a more limited scope)"". Trip is saga-recurring as place logic permits; Mara Niht is narrower. The bound is ruled; the exact count is not.","Music-culture figure, analogous to Trip's cultural-host function at smaller scope. Trip's own function reads: Velvet Vein cultural host; gossip archivist; informal information switchboard; humor/social pressure valve. INFERRED BY ANALOGY, not transcribed: the author ruled the resemblance and the narrower scope, not a field-by-field copy. Recovered artist identity is separate - see recovery/MARA_NIHT_RECOVERY_2026-09-21.md.","Connections to Elisabet Arnardottir - RULED 2026-09-20, nature still DO NOT LOCK. Velvet Vein / Trip intersection only after approval (manifest section 12). NEITHER appears in the source: 0 hits for Elisabet, Velvet Vein or Trip across 108,378 words.","DO NOT LOCK, unchanged by recovery: age, nationality, style, instrument, exact relationship to Elisabet, Resonance status, first appearance, Harpa role. Non-resonance is INFERRED from the Trip analogy (Trip: ""non-resonant; not Filament leadership"") and is NOT ruled - confirm before use.","Name selected deliberately in source from Mara of the Niht / Niht Mara / MaraNIHT and others; descends from Night-Mare / Night-Rider. Earlier persona headings: MARA (Nightweight), MARA (Night-Rider).","CROSS-PROJECT IMPORT: originates in a separate music project inspired by the Concord world, integrated by ruling. Source body recovered 2026-09-21 but NOT STORED HERE - 513 lyric blocks, and CLAUDE.md section 1 forbids prose. Distillation at recovery/MARA_NIHT_RECOVERY_2026-09-21.md; raw files remain the author's only copies, which section 7 flags as a risk. Place references PROVISIONAL per Ruling 3 and Ruling 8. Tier unassigned - the A-E scheme has no category for another project's canon. Ledger section 67. Approved design 2026-09-27 (decisions/OPEN_QUESTIONS_AUTHOR_ANSWERS_2026-09-27.md): her imported material stays Tier D until used; the lyric corpus comes into this repo only if a Concord function needs it (C5).",OPEN.,bundle G approved (Ruling 3); integration ruled 2026-09-20; role ruled 2026-09-21
L01,Mira (echo guide),,,1. AUTHOR-LOCKED CONTINUITY CONTROLS,KEEP. Added 2026-09-26 by author ruling.,metaphysical echo; a previous Seraphine-type,"OPEN. Appearance schedule unresolved (author, 2026-09-26). Active before the Mending; released during it.","Guide to Seraphine before the Mending. Guides her to consider more than recreating the hard cap that Silence and Hope recommend. She knows the hard cap's cost and recurrence, not the breathing-veil answer: her guidance is doubt and warning, not instruction (ruled 2026-09-27).",Seraphine: the only one who perceives her. Silence and Hope: she helped them make the current hard cap. Her soul powers the current hard cap (ruled 2026-09-27).,"Perceived only by Seraphine; never identifiable to the cast (Tahl's echo stays the only identifiable echo). Not one of ""the guides"" (Lucien and Caro) and not the conduit (Tahl's echo). DO NOT LOCK: appearance, schedule, prior life, what she was called in life.","Author idea 2025-11-13 (Prompt_crafting_types 39413); role locked 2025-11-13 (""soft guide and confidant""); flattened 2025-11-18 to 11-27 into a Filament elder and a memory-anchor; conflated with the community Mira in the 2026-09-19 Filament casting resolution.","Not from a Ruling 3 bundle; added by author ruling, so the bundle field is blank. A different figure from the retired community Mira (cast_retired_aliases.csv) and from the ""portions of Mira"" material under A01 and A02. Source: recovery/MIRA_ECHO_GUIDE_SOURCE_RECOVERY_2026-09-26.md.",Her echo is released during the Mending (ruled 2026-09-26). It is released because the cap her soul powers is replaced; the cycle of caps ends (ruled 2026-09-27).,author ruling 2026-09-26 (decisions/MIRA_AND_SILENCE_HOPE_ORIGIN_AUTHOR_RULING_2026-09-26.md); clarified by author ruling 2026-09-27 (decisions/SERAPHINE_LOOM_HARD_CAP_AND_MIRA_AUTHOR_RULING_2026-09-27.md)
